,,,,,,
TokenLib,,,,,,
,Transfer,0xddf252ad1be2c89b69c2b068fc378daa952ba7f163c4a11628f55a4df523b3ef,,,,
,Approval,0x8c5be1e5ebec7d5bd14f71427d1e84f3dd0314c0f7b2291e5b200ac8c7c3b925,,,,
,OwnerChange,0x95b86f3e58bda963f355a8ee21a04376776a456ed6416bf5144202906bdc6397,,,,
,Burn,0xcc16f5dbb4873280815c1ee09dbd06736cffcc184412cf7a71a0fdb75d397ca5,,,,
,MintingClosed,0x2a2e00be29e58e1d04ffa369d0550e1d87e844e63bfba0820362ed62738985c7,,,,
CrowdsaleLib,,,,,,
,LogTokensWithdrawn,0xddf252ad1be2c89b69c2b068fc378daa952ba7f163c4a11628f55a4df523b3ef,,,,
,LogWeiWithdrawn,0x8756f3e78da606244d7d8c9563ce2678f294db7c57afce515849e03d5eec6c3a,,,,
,LogOwnerEthWithdrawn,0x4159712a53cf7d5c014b7f7bccd52ce07122696797310c76d6d4273f0bda9e99,,,,
,LogNoticeMsg,not used,,,,
,LogErrorMsg,0x8756f3e78da606244d7d8c9563ce2678f294db7c57afce515849e03d5eec6c3a,,,,
DirectCrowdsaleLib,,,,,,
,LogTokensBought,0x58e85e03761641c3aabc1113bca56bd151f1381debda5a1805aa1fbd3662c46d,,,,
,LogTokenPriceChange,0x140575aff45eb4e414ffb6ece685f9e52ecf2bb56553b9e1b716175d9a25bffa,,,,
IICOLib,,,,,,
,LogBidAccepted,0x9dc6f173a1165d03443e68c408ed97eb54b10acbb4dad62bcd70e2e10a14181f,,,,
,LogBidWithdrawn,0xfe8cbe18e126aa8a5f3f6cf988c76fe9625cdbef938d1e0a73641f65a1094a53,,,,
,LogBidRemoved,not used,,,,
,BucketAndValuationAndCommitted,0x96026d61d69319c9c4a088724675179c1972be0648386dde0f588adff2733f77,,,,
EvenDistroLib,,,,,,
,LogTokensBought,0x58e85e03761641c3aabc1113bca56bd151f1381debda5a1805aa1fbd3662c46d,,,,
,LogUserRegistered,0xa28576aa71409e890d90a3b4642d4d95b7f26dc5b969e9b915067e531b73938d,,,,
,LogUserUnRegistered,0xf4feccbb86b1e3ed44c295752216a4576783a17ab625721f4671540a49b955e9,,,,
,LogRegError,0xdb11040f6d23480aebdb6437e68c6cc6387e1b1ee6b21cca4c43312d24a4c8c8,,,,
,LogAddressTokenCapChange,0x8d323fdcf6bf512b7fe2e0155fc98bcd3a89e178ed4f6f85bbe6b60334c3c643,,,,
,LogTokenPriceChange,0x140575aff45eb4e414ffb6ece685f9e52ecf2bb56553b9e1b716175d9a25bffa,,,,
,LogAddressTokenCapCalculated,0xd5ce6a347b44a48187de54f382d870972302ba84a439510133eab190fea07b37,,,,
VestingLib,,,,,,
,LogErrorMsg,0x8756f3e78da606244d7d8c9563ce2678f294db7c57afce515849e03d5eec6c3a,,,,
,LogUserRegistered,0xf9738218f4b464eb543f0b1822e7eea822aa1784c3ed66743afcada6bba44e69,,,,
,LogUserUnRegistered,0xf4feccbb86b1e3ed44c295752216a4576783a17ab625721f4671540a49b955e9,,,,
,LogRegistrationReplaced,0x4e9343fae477c3dfe91b2fe149f304ddbaf344fec651ec21f125052d17d21242,,,,
,LogETHWithdrawn,0x62856bc6e86e01ae6673e12c9c3802a79107e10c39e81fee2257524108f81f0d,,,,
,LogTokensWithdrawn,0xcc16f5dbb4873280815c1ee09dbd06736cffcc184412cf7a71a0fdb75d397ca5,,,,
WalletLib,,,,,,
,LogTransactionConfirmed,0xef8dcc2e6089d6cdaf4b9e4488d780383081d593a692f3f2a0a75b1b27be6191,,,,
,LogOwnerAdded,0x5345c41500b4b3b852712efe48a8aca66a07e68dafe472cdf152bb1f8cf0dee7,,,,
,LogOwnerRemoved,0xcced2bb6be71c58ec6a1d84c3426108fe5d99c01bb4003687fb8edf6c1470433,,,,
,LogOwnerChanged,0xfcf23a92150d56e85e3a3d33b357493246e55783095eb6a733eb8439ffc752c8,,,,
,LogRequirementChange,0x4147060af8b8b6220461c8690de43689af801659131a4b237409cb624c335aec,,,,
,LogThresholdChange,0x852263aabb70901bb9e3af9255bb21bccc915caa34e732a5adffb53f5102505f,,,,
,LogErrorMsg,0x8756f3e78da606244d7d8c9563ce2678f294db7c57afce515849e03d5eec6c3a,,,,
,LogRevokeNotice,0x8756f3e78da606244d7d8c9563ce2678f294db7c57afce515849e03d5eec6c3a,,,,
,LogTransactionFailed,0x7eaa0c297dc19ad870ff21eac4263ebf4c3c98f752ae80f191b4247e61f9954a,,,,
,LogTransactionComplete,0xddf252ad1be2c89b69c2b068fc378daa952ba7f163c4a11628f55a4df523b3ef,,,,
,LogContractCreated,0xe2e513482c0a3685f58d03709bd31102a8cc464077d2550c554d23291224d8c8,,,,
,,,,,,
,,,,,,
,,,,,,
,,,,,,
,,,,,,
,,,,,,
,,,,,,
,,,,,,
,,,,,,
,,,,,,